HGDG_TARIH,Volume,Close
2015-01-02,2957971.0,36.4
2015-01-02,2957971.0,36.4
2015-01-05,16329396.0,39.15
2015-01-05,16329396.0,39.15
2015-01-06,7554855.0,39.1
2015-01-06,7554855.0,39.1
2015-01-07,24791471.0,44.5
2015-01-07,24791471.0,44.5
2015-01-08,11024499.0,42.5
2015-01-08,11024499.0,42.5
2015-01-09,4983644.0,41.9
2015-01-09,4983644.0,41.9
2015-01-12,11779854.0,43.5
2015-01-12,11779854.0,43.5
2015-01-13,8498166.0,42.95
2015-01-13,8498166.0,42.95
2015-01-14,5354855.0,42.5
2015-01-14,5354855.0,42.5
2015-01-15,4362246.0,42.4
2015-01-15,4362246.0,42.4
2015-01-16,1261964.0,41.15
2015-01-16,1261964.0,41.15
2015-01-19,2600943.0,41.2
2015-01-19,2600943.0,41.2
2015-01-20,2635782.0,41.0
2015-01-20,2635782.0,41.0
2015-01-21,2429973.0,41.5
2015-01-21,2429973.0,41.5
2015-01-22,2462074.0,41.95
2015-01-22,2462074.0,41.95
2015-01-23,3196260.0,42.0
2015-01-23,3196260.0,42.0
2015-01-26,1885081.0,41.75
2015-01-26,1885081.0,41.75
2015-01-27,2298656.0,41.4
2015-01-27,2298656.0,41.4
2015-01-28,1088581.0,41.2
2015-01-28,1088581.0,41.2
2015-01-29,5953629.0,40.95
2015-01-29,5953629.0,40.95
2015-01-30,1984981.0,41.1
2015-01-30,1984981.0,41.1
2015-02-02,1058667.0,40.6
2015-02-02,1058667.0,40.6
2015-02-03,1016819.0,39.65
2015-02-03,1016819.0,39.65
2015-02-04,1414672.0,38.6
2015-02-04,1414672.0,38.6
2015-02-05,670097.0,38.3
2015-02-05,670097.0,38.3
2015-02-06,464532.0,37.65
2015-02-06,464532.0,37.65
2015-02-09,403823.0,37.4
2015-02-09,403823.0,37.4
2015-02-10,1341843.0,37.65
2015-02-10,1341843.0,37.65
2015-02-11,1276769.0,37.25
2015-02-11,1276769.0,37.25
2015-02-12,260525.0,37.9
2015-02-12,260525.0,37.9
2015-02-13,412153.0,37.85
2015-02-13,412153.0,37.85
2015-02-16,392136.0,38.65
2015-02-16,392136.0,38.65
2015-02-17,8382956.0,39.1
2015-02-17,8382956.0,39.1
2015-02-18,1178585.0,38.4
2015-02-18,1178585.0,38.4
2015-02-19,738190.0,38.9
2015-02-19,738190.0,38.9
2015-02-20,719726.0,39.0
2015-02-20,719726.0,39.0
2015-02-23,636699.0,39.2
2015-02-23,636699.0,39.2
2015-02-24,5939652.0,40.05
2015-02-24,5939652.0,40.05
2015-02-25,1265396.0,40.3
2015-02-25,1265396.0,40.3
2015-02-26,792630.0,39.6
2015-02-26,792630.0,39.6
2015-02-27,633234.0,38.6
2015-02-27,633234.0,38.6
2015-03-02,2207903.0,38.3
2015-03-02,2207903.0,38.3
2015-03-03,628325.0,37.85
2015-03-03,628325.0,37.85
2015-03-04,487850.0,36.8
2015-03-04,487850.0,36.8
2015-03-05,1050465.0,36.3
2015-03-05,1050465.0,36.3
2015-03-06,1857817.0,36.15
2015-03-06,1857817.0,36.15
2015-03-09,20876616.0,42.0
2015-03-09,20876616.0,42.0
2015-03-10,20375786.0,39.1
2015-03-10,20375786.0,39.1
2015-03-11,9600466.0,38.0
2015-03-11,9600466.0,38.0
2015-03-12,3731419.0,38.0
2015-03-12,3731419.0,38.0
2015-03-13,10013411.0,38.75
2015-03-13,10013411.0,38.75
2015-03-16,1638767.0,37.95
2015-03-16,1638767.0,37.95
2015-03-17,4635165.0,38.6
2015-03-17,4635165.0,38.6
2015-03-18,1381457.0,38.0
2015-03-18,1381457.0,38.0
2015-03-19,1803987.0,38.9
2015-03-19,1803987.0,38.9
2015-03-20,1423477.0,39.0
2015-03-20,1423477.0,39.0
2015-03-23,2503469.0,39.7
2015-03-23,2503469.0,39.7
2015-03-24,1717647.0,38.1
2015-03-24,1717647.0,38.1
2015-03-25,1748578.0,38.25
2015-03-25,1748578.0,38.25
2015-03-26,1226900.0,37.25
2015-03-26,1226900.0,37.25
2015-03-27,3639669.0,37.05
2015-03-27,3639669.0,37.05
2015-03-30,806882.0,37.1
2015-03-30,806882.0,37.1
2015-03-31,491189.0,36.45
2015-03-31,491189.0,36.45
2015-04-01,766144.0,36.8
2015-04-01,766144.0,36.8
2015-04-02,1287316.0,37.3
2015-04-02,1287316.0,37.3
2015-04-03,5362447.0,37.8
2015-04-03,5362447.0,37.8
2015-04-06,6243402.0,38.5
2015-04-06,6243402.0,38.5
2015-04-07,2620280.0,38.55
2015-04-07,2620280.0,38.55
2015-04-08,913345.0,38.5
2015-04-08,913345.0,38.5
2015-04-09,6785069.0,39.5
2015-04-09,6785069.0,39.5
2015-04-10,2010702.0,39.3
2015-04-10,2010702.0,39.3
2015-04-13,7617016.0,39.65
2015-04-13,7617016.0,39.65
2015-04-14,1750409.0,39.0
2015-04-14,1750409.0,39.0
2015-04-15,2330544.0,38.5
2015-04-15,2330544.0,38.5
2015-04-16,1270741.0,38.6
2015-04-16,1270741.0,38.6
2015-04-17,1152544.0,38.4
2015-04-17,1152544.0,38.4
2015-04-20,505772.0,38.55
2015-04-20,505772.0,38.55
2015-04-21,1732575.0,39.25
2015-04-21,1732575.0,39.25
2015-04-22,1049746.0,38.7
2015-04-22,1049746.0,38.7
2015-04-24,1524509.0,39.1
2015-04-24,1524509.0,39.1
2015-04-27,1844937.0,39.35
2015-04-27,1844937.0,39.35
2015-04-28,2647771.0,39.45
2015-04-28,2647771.0,39.45
2015-04-29,8551651.0,40.55
2015-04-29,8551651.0,40.55
2015-04-30,8417110.0,40.05
2015-04-30,8417110.0,40.05
2015-05-04,1066139.0,39.35
2015-05-04,1066139.0,39.35
2015-05-05,2191790.0,39.55
2015-05-05,2191790.0,39.55
2015-05-06,1505503.0,39.6
2015-05-06,1505503.0,39.6
2015-05-07,1282112.0,39.15
2015-05-07,1282112.0,39.15
2015-05-08,2491696.0,39.95
2015-05-08,2491696.0,39.95
2015-05-11,1749511.0,38.35
2015-05-11,1749511.0,38.35
2015-05-12,660538.0,38.0
2015-05-12,660538.0,38.0
2015-05-13,1435703.0,38.15
2015-05-13,1435703.0,38.15
2015-05-14,1947648.0,39.0
2015-05-14,1947648.0,39.0
2015-05-15,1078317.0,38.65
2015-05-15,1078317.0,38.65
2015-05-18,694591.0,38.5
2015-05-18,694591.0,38.5
2015-05-20,685297.0,38.15
2015-05-20,685297.0,38.15
2015-05-21,658311.0,37.55
2015-05-21,658311.0,37.55
2015-05-22,917959.0,36.55
2015-05-22,917959.0,36.55
2015-05-25,485367.0,35.75
2015-05-25,485367.0,35.75
2015-05-26,1663648.0,35.7
2015-05-26,1663648.0,35.7
2015-05-27,1018913.0,35.35
2015-05-27,1018913.0,35.35
2015-05-28,440115.0,35.25
2015-05-28,440115.0,35.25
2015-05-29,818566.0,35.5
2015-05-29,818566.0,35.5
2015-06-01,462836.0,34.4
2015-06-01,462836.0,34.4
2015-06-02,200187.0,34.4
2015-06-02,200187.0,34.4
2015-06-03,256112.0,35.1
2015-06-03,256112.0,35.1
2015-06-04,234886.0,34.7
2015-06-04,234886.0,34.7
2015-06-05,180966.0,34.75
2015-06-05,180966.0,34.75
2015-06-08,552618.0,30.4
2015-06-08,552618.0,30.4
2015-06-09,650249.0,31.4
2015-06-09,650249.0,31.4
2015-06-10,1523893.0,32.3
2015-06-10,1523893.0,32.3
2015-06-11,523199.0,32.8
2015-06-11,523199.0,32.8
2015-06-12,443145.0,32.6
2015-06-12,443145.0,32.6
2015-06-15,942758.0,31.8
2015-06-15,942758.0,31.8
2015-06-16,405475.0,32.2
2015-06-16,405475.0,32.2
2015-06-17,1279236.0,32.75
2015-06-17,1279236.0,32.75
2015-06-18,572378.0,33.2
2015-06-18,572378.0,33.2
2015-06-19,819079.0,33.5
2015-06-19,819079.0,33.5
2015-06-22,5382211.0,36.35
2015-06-22,5382211.0,36.35
2015-06-23,7086262.0,35.75
2015-06-23,7086262.0,35.75
2015-06-24,1308489.0,35.3
2015-06-24,1308489.0,35.3
2015-06-25,684904.0,35.25
2015-06-25,684904.0,35.25
2015-06-26,354115.0,35.2
2015-06-26,354115.0,35.2
2015-06-29,491915.0,34.1
2015-06-29,491915.0,34.1
2015-06-30,1395480.0,35.3
2015-06-30,1395480.0,35.3
2015-07-01,647838.0,34.45
2015-07-01,647838.0,34.45
2015-07-02,10572644.0,41.7
2015-07-02,10572644.0,41.7
2015-07-03,14342688.0,40.3
2015-07-03,14342688.0,40.3
2015-07-06,13400044.0,43.2
2015-07-06,13400044.0,43.2
2015-07-07,28670172.0,44.25
2015-07-07,28670172.0,44.25
2015-07-08,11615239.0,43.45
2015-07-08,11615239.0,43.45
2015-07-09,14477439.0,44.05
2015-07-09,14477439.0,44.05
2015-07-10,11116046.0,43.8
2015-07-10,11116046.0,43.8
2015-07-13,2904553.0,43.4
2015-07-13,2904553.0,43.4
2015-07-14,4804297.0,43.2
2015-07-14,4804297.0,43.2
2015-07-15,22993315.0,44.65
2015-07-15,22993315.0,44.65
2015-07-16,2158298.0,44.55
2015-07-16,2158298.0,44.55
2015-07-20,4014330.0,43.1
2015-07-20,4014330.0,43.1
2015-07-21,6788209.0,43.8
2015-07-21,6788209.0,43.8
2015-07-22,2348719.0,43.5
2015-07-22,2348719.0,43.5
2015-07-23,4298511.0,39.45
2015-07-23,4298511.0,39.45
2015-07-24,3116904.0,40.2
2015-07-24,3116904.0,40.2
2015-07-27,1611810.0,38.2
2015-07-27,1611810.0,38.2
2015-07-28,3428789.0,38.85
2015-07-28,3428789.0,38.85
2015-07-29,3059180.0,38.7
2015-07-29,3059180.0,38.7
2015-07-30,1658663.0,38.4
2015-07-30,1658663.0,38.4
2015-07-31,5237807.0,39.35
2015-07-31,5237807.0,39.35
2015-08-03,2341335.0,38.1
2015-08-03,2341335.0,38.1
2015-08-04,1112108.0,37.7
2015-08-04,1112108.0,37.7
2015-08-05,1647807.0,37.4
2015-08-05,1647807.0,37.4
2015-08-06,6443550.0,37.9
2015-08-06,6443550.0,37.9
2015-08-07,874718.0,37.55
2015-08-07,874718.0,37.55
2015-08-10,1005799.0,35.65
2015-08-10,1005799.0,35.65
2015-08-11,2082363.0,36.95
2015-08-11,2082363.0,36.95
2015-08-12,960215.0,35.25
2015-08-12,960215.0,35.25
2015-08-13,1180945.0,35.2
2015-08-13,1180945.0,35.2
2015-08-14,1774131.0,35.6
2015-08-14,1774131.0,35.6
2015-08-17,5804975.0,36.0
2015-08-17,5804975.0,36.0
2015-08-18,1011868.0,35.75
2015-08-18,1011868.0,35.75
2015-08-19,1145698.0,34.7
2015-08-19,1145698.0,34.7
2015-08-20,872404.0,34.1
2015-08-20,872404.0,34.1
2015-08-21,694423.0,33.75
2015-08-21,694423.0,33.75
2015-08-24,739269.0,32.45
2015-08-24,739269.0,32.45
2015-08-25,2819702.0,34.85
2015-08-25,2819702.0,34.85
2015-08-26,8780903.0,35.55
2015-08-26,8780903.0,35.55
2015-08-27,2233033.0,35.45
2015-08-27,2233033.0,35.45
2015-08-28,799632.0,34.7
2015-08-28,799632.0,34.7
2015-08-31,2400765.0,36.0
2015-08-31,2400765.0,36.0
2015-09-01,4944981.0,36.95
2015-09-01,4944981.0,36.95
2015-09-02,2095908.0,36.85
2015-09-02,2095908.0,36.85
2015-09-03,1564212.0,35.95
2015-09-03,1564212.0,35.95
2015-09-04,1358686.0,35.0
2015-09-04,1358686.0,35.0
2015-09-07,548930.0,34.5
2015-09-07,548930.0,34.5
2015-09-08,2421003.0,36.4
2015-09-08,2421003.0,36.4
2015-09-09,1831683.0,36.35
2015-09-09,1831683.0,36.35
2015-09-10,1421439.0,35.25
2015-09-10,1421439.0,35.25
2015-09-11,507304.0,35.1
2015-09-11,507304.0,35.1
2015-09-14,566990.0,34.75
2015-09-14,566990.0,34.75
2015-09-15,1058948.0,35.5
2015-09-15,1058948.0,35.5
2015-09-16,1293916.0,35.45
2015-09-16,1293916.0,35.45
2015-09-17,1697639.0,35.6
2015-09-17,1697639.0,35.6
2015-09-18,847617.0,36.0
2015-09-18,847617.0,36.0
2015-09-21,2897868.0,36.75
2015-09-21,2897868.0,36.75
2015-09-22,1564507.0,36.35
2015-09-22,1564507.0,36.35
2015-09-23,873480.0,36.05
2015-09-23,873480.0,36.05
2015-09-28,17787090.0,39.8
2015-09-28,17787090.0,39.8
2015-09-29,16101044.0,37.65
2015-09-29,16101044.0,37.65
2015-09-30,5341054.0,38.8
2015-09-30,5341054.0,38.8
2015-10-01,2443023.0,38.6
2015-10-01,2443023.0,38.6
2015-10-02,3324296.0,38.7
2015-10-02,3324296.0,38.7
2015-10-05,6360917.0,39.4
2015-10-05,6360917.0,39.4
2015-10-06,1763080.0,39.25
2015-10-06,1763080.0,39.25
2015-10-07,1726992.0,39.25
2015-10-07,1726992.0,39.25
2015-10-08,4915722.0,40.5
2015-10-08,4915722.0,40.5
2015-10-09,2348462.0,40.25
2015-10-09,2348462.0,40.25
2015-10-12,2786237.0,40.05
2015-10-12,2786237.0,40.05
2015-10-13,2369104.0,40.2
2015-10-13,2369104.0,40.2
2015-10-14,4028653.0,41.05
2015-10-14,4028653.0,41.05
2015-10-15,9931270.0,41.5
2015-10-15,9931270.0,41.5
2015-10-16,1623508.0,40.5
2015-10-16,1623508.0,40.5
2015-10-19,2344154.0,41.95
2015-10-19,2344154.0,41.95
2015-10-20,1453942.0,41.1
2015-10-20,1453942.0,41.1
2015-10-21,1601880.0,41.3
2015-10-21,1601880.0,41.3
2015-10-22,1285579.0,41.3
2015-10-22,1285579.0,41.3
2015-10-23,2909646.0,41.65
2015-10-23,2909646.0,41.65
2015-10-26,1613353.0,40.7
2015-10-26,1613353.0,40.7
2015-10-27,1513965.0,39.1
2015-10-27,1513965.0,39.1
2015-10-28,508763.0,38.5
2015-10-28,508763.0,38.5
2015-10-30,568515.0,38.8
2015-10-30,568515.0,38.8
2015-11-02,1375353.0,41.5
2015-11-02,1375353.0,41.5
2015-11-03,1222813.0,41.15
2015-11-03,1222813.0,41.15
2015-11-04,3394594.0,42.4
2015-11-04,3394594.0,42.4
2015-11-05,1637766.0,42.35
2015-11-05,1637766.0,42.35
2015-11-06,1110178.0,42.1
2015-11-06,1110178.0,42.1
2015-11-09,1529316.0,40.5
2015-11-09,1529316.0,40.5
2015-11-10,1733479.0,40.0
2015-11-10,1733479.0,40.0
2015-11-11,2556082.0,40.55
2015-11-11,2556082.0,40.55
2015-11-12,11421292.0,44.0
2015-11-12,11421292.0,44.0
2015-11-13,7814960.0,44.1
2015-11-13,7814960.0,44.1
2015-11-16,8345509.0,45.6
2015-11-16,8345509.0,45.6
2015-11-17,10064099.0,43.25
2015-11-17,10064099.0,43.25
2015-11-18,3078846.0,42.0
2015-11-18,3078846.0,42.0
2015-11-19,1646905.0,42.2
2015-11-19,1646905.0,42.2
2015-11-20,1956969.0,42.65
2015-11-20,1956969.0,42.65
2015-11-23,2501545.0,42.65
2015-11-23,2501545.0,42.65
2015-11-24,3964563.0,39.5
2015-11-24,3964563.0,39.5
2015-11-25,1630750.0,40.6
2015-11-25,1630750.0,40.6
2015-11-26,1204865.0,40.0
2015-11-27,1686934.0,40.15
2015-11-27,1686934.0,40.15
2015-11-30,698067.0,39.4
2015-12-01,787160.0,40.04
2015-12-02,1368832.0,39.9
2015-12-03,991189.0,39.6
2015-12-04,1176787.0,38.8
2015-12-07,872807.0,38.34
2015-12-08,883797.0,37.08
2015-12-09,972112.0,37.36
2015-12-10,1369314.0,36.02
2015-12-11,838726.0,34.86
2015-12-14,676168.0,34.12
2015-12-15,1143811.0,35.7
2015-12-16,873453.0,36.1
2015-12-17,1213641.0,37.2
2015-12-18,1028756.0,37.5
2015-12-21,4059865.0,37.94
2015-12-22,678544.0,37.9
2015-12-23,962754.0,38.48
2015-12-24,990452.0,38.98
2015-12-25,626926.0,39.1
2015-12-28,592066.0,39.88
2015-12-29,416646.0,39.16
2015-12-30,775577.0,38.7
2015-12-31,468484.0,38.32
2016-01-04,442068.0,37.1
2016-01-05,463534.0,37.0
2016-01-06,692051.0,37.12
2016-01-07,581327.0,37.08
2016-01-08,509375.0,37.2
2016-01-11,1723314.0,38.0
2016-01-12,585541.0,37.58
2016-01-13,625686.0,37.86
2016-01-14,793174.0,36.82
2016-01-15,739238.0,36.5
2016-01-18,423670.0,36.36
2016-01-19,433871.0,36.52
2016-01-20,428441.0,35.78
2016-01-21,273264.0,35.46
2016-01-22,241183.82,36.0
2016-01-25,201898.0,35.98
2016-01-26,499985.0,36.2
2016-01-26,499985.0,36.2
2016-01-27,594853.0,36.56
2016-01-28,473167.0,36.6
2016-01-29,1351721.0,37.32
2016-02-01,2376785.0,38.8
2016-02-02,5998684.0,40.68
2016-02-03,5232932.0,38.3
2016-02-04,1864002.0,38.26
2016-02-05,1292294.0,38.34
2016-02-08,630563.0,37.12
2016-02-09,564516.0,36.4
2016-02-10,684417.0,36.52
2016-02-11,399670.0,36.28
2016-02-12,236053.0,36.36
2016-02-15,477799.0,35.9
2016-02-16,419139.0,35.98
2016-02-17,1027809.0,36.32
2016-02-18,529077.0,36.4
2016-02-19,411038.0,36.22
2016-02-22,909430.0,37.28
2016-02-23,1406335.0,37.3
2016-02-24,670025.0,36.26
2016-02-25,606064.0,36.52
2016-02-26,596786.0,36.44
2016-02-29,1162076.0,36.8
2016-03-01,1291951.0,37.1
2016-03-02,1036088.0,37.38
2016-03-03,912279.0,37.1
2016-03-04,748567.0,37.12
2016-03-07,1000035.0,37.64
2016-03-08,1375697.0,37.52
2016-03-09,1748616.0,37.78
2016-03-10,1583342.0,37.36
2016-03-11,519701.0,37.5
2016-03-14,704852.0,37.5
2016-03-15,561588.0,37.1
2016-03-16,1240885.0,37.28
2016-03-17,1920269.0,37.74
2016-03-18,4796596.0,38.72
2016-03-21,2484231.0,38.72
2016-03-22,1083317.0,37.78
2016-03-23,621343.0,37.58
2016-03-24,632014.0,37.7
2016-03-25,4552872.0,38.28
2016-03-28,1381442.0,38.06
2016-03-29,5207854.0,39.46
2016-03-30,5497167.0,40.48
2016-03-31,1869702.0,40.38
2016-04-01,1665500.0,41.2
2016-04-04,2268675.0,42.16
2016-04-05,1467236.0,41.2
2016-04-06,1345213.0,40.72
2016-04-07,375276.0,40.54
2016-04-08,730946.0,41.3
2016-04-11,964129.0,42.0
2016-04-12,1544607.0,42.16
2016-04-13,2043444.0,42.36
2016-04-14,1523248.0,42.32
2016-04-15,1739024.0,41.54
2016-04-18,1486577.0,41.82
2016-04-19,877052.0,41.94
2016-04-20,1808604.0,41.92
2016-04-21,1431256.0,41.7
2016-04-22,1752545.0,41.26
2016-04-25,743491.46,40.64
2016-04-26,943343.0,39.92
2016-04-27,807062.0,40.0
2016-04-28,707392.0,39.84
2016-04-29,567062.0,38.74
2016-05-02,779683.0,38.28
2016-05-03,945556.0,36.92
2016-05-04,450976.0,37.14
2016-05-05,1000016.0,37.2
2016-05-06,897962.0,37.92
2016-05-09,539260.0,38.08
2016-05-10,283966.0,37.8
2016-05-11,366469.0,38.0
2016-05-12,542557.0,38.08
2016-05-13,374463.0,37.88
2016-05-16,319233.0,37.0
2016-05-17,338378.0,36.88
2016-05-18,478810.0,36.5
2016-05-20,469950.0,36.48
2016-05-23,331243.0,36.62
2016-05-24,678984.0,37.14
2016-05-25,575926.0,37.14
2016-05-26,217030.0,37.18
2016-05-27,1756031.0,38.06
2016-05-30,494784.0,37.64
2016-05-31,479096.0,37.4
2016-06-01,300493.0,37.24
2016-06-02,464257.0,36.34
2016-06-03,647125.0,36.46
2016-06-06,265747.0,36.62
2016-06-07,383798.0,36.46
2016-06-08,288368.0,36.6
2016-06-09,219973.0,36.5
2016-06-10,333641.0,36.04
2016-06-13,413950.0,35.64
2016-06-14,363527.0,35.24
2016-06-15,363257.0,35.68
2016-06-16,431691.0,34.42
2016-06-17,343048.0,34.88
2016-06-20,347624.0,35.32
2016-06-21,207640.0,35.38
2016-06-22,149231.0,35.12
2016-06-23,145004.0,35.3
2016-06-24,215408.0,34.7
2016-06-27,127675.0,34.84
2016-06-28,82245.0,35.16
2016-06-29,142250.0,35.08
2016-06-30,292624.0,35.1
2016-07-01,321786.0,35.4
2016-07-04,114299.0,35.56
2016-07-04,114299.0,35.56
2016-07-08,87549.0,35.42
2016-07-11,78912.0,35.72
2016-07-12,331467.0,36.24
2016-07-13,282659.0,36.24
2016-07-14,436710.0,36.6
2016-07-15,477626.0,36.54
2016-07-18,741404.0,33.5
2016-07-19,792029.0,33.22
2016-07-20,273752.0,32.5
2016-07-21,463876.0,30.22
2016-07-22,262231.0,30.92
2016-07-25,454696.0,32.34
2016-07-26,198414.0,32.2
2016-07-27,215424.0,32.56
2016-07-28,942153.0,33.62
2016-07-29,244010.0,33.76
2016-08-01,410132.0,34.16
2016-08-02,115619.0,34.08
2016-08-03,282032.0,33.1
2016-08-04,260469.0,33.5
2016-08-05,716548.0,33.56
2016-08-08,1111207.0,34.62
2016-08-09,324931.0,34.64
2016-08-10,271197.0,34.6
2016-08-11,421299.0,35.2
2016-08-12,239636.0,34.88
2016-08-15,348399.0,35.56
2016-08-16,1489073.0,35.84
2016-08-17,574698.0,36.08
2016-08-18,422023.0,35.78
2016-08-19,394984.0,35.44
2016-08-22,437059.0,35.06
2016-08-23,507210.0,34.74
2016-08-24,269283.0,34.04
2016-08-25,190879.0,34.36
2016-08-26,196221.0,34.24
2016-08-29,63720.0,34.22
2016-08-31,188928.0,33.96
2016-09-01,43407.0,33.82
2016-09-02,360223.0,34.1
2016-09-05,197068.0,34.54
2016-09-06,612178.0,34.9
2016-09-07,3863440.0,36.4
2016-09-08,3495014.0,38.38
2016-09-09,4636199.0,39.4
2016-09-16,4277556.0,36.8
2016-09-19,2453941.0,36.0
2016-09-20,4136912.0,34.8
2016-09-21,1305772.0,35.36
2016-09-22,826826.0,35.5
2016-09-23,875194.0,35.7
2016-09-26,536223.0,34.54
2016-09-27,447988.0,34.9
2016-09-28,371042.0,35.38
2016-09-29,609578.0,35.88
2016-09-30,342508.0,35.28
2016-10-03,1258862.0,36.1
2016-10-04,1313893.0,35.84
2016-10-05,838315.0,35.8
2016-10-06,1155309.0,35.84
2016-10-07,2385265.0,36.68
2016-10-10,804640.0,36.3
2016-10-11,770593.0,36.38
2016-10-12,316103.0,36.08
2016-10-13,655470.0,35.5
2016-10-14,246812.0,35.8
2016-10-17,370831.0,35.54
2016-10-18,568266.0,36.0
2016-10-19,250698.0,36.46
2016-10-20,287413.0,36.38
2016-10-21,463740.0,36.38
2016-10-24,1487059.0,37.18
2016-10-25,4116635.0,37.62
2016-10-26,586755.0,37.78
2016-10-27,418713.0,37.4
2016-10-28,413140.0,37.08
2016-10-28,413140.0,37.08
2016-10-31,527044.0,36.72
2016-11-01,405570.0,36.02
2016-11-02,871091.0,35.88
2016-11-03,368831.0,35.98
2016-11-04,621265.0,35.68
2016-11-07,712727.0,36.66
2016-11-08,618521.0,35.58
2016-11-09,413595.0,35.32
2016-11-10,356754.0,35.5
2016-11-11,288260.0,35.04
2016-11-14,360186.0,34.82
2016-11-15,111446.0,34.96
2016-11-16,186876.0,34.86
2016-11-17,341410.0,34.8
2016-11-18,246426.0,34.98
2016-11-21,335813.0,34.92
2016-11-22,578448.0,35.08
2016-11-23,294506.0,34.72
2016-11-24,289514.0,34.1
2016-11-25,254048.0,34.0
2016-11-28,191319.0,34.34
2016-11-29,225135.0,34.16
2016-11-30,125446.0,33.9
2016-12-01,117214.0,33.18
2016-12-02,177659.0,33.42
2016-12-05,207654.0,33.66
2016-12-06,164356.0,34.2
2016-12-07,306872.0,34.52
2016-12-08,416112.0,34.6
2016-12-09,216959.0,34.58
2016-12-12,501496.0,34.48
2016-12-13,433086.0,34.6
2016-12-14,1002236.0,34.84
2016-12-15,485144.0,35.38
2016-12-16,542563.0,35.7
2016-12-19,389112.0,35.84
2016-12-20,437323.0,35.84
2016-12-21,717709.0,36.0
2016-12-22,293056.0,35.8
2016-12-23,606031.0,35.62
2016-12-26,455946.0,35.6
2016-12-27,314870.0,35.64
2016-12-28,426699.0,35.92
2016-12-29,701321.0,36.24
2016-12-30,788230.0,36.24
2017-01-02,685297.0,36.5
2017-01-03,700541.0,36.2
2017-01-04,901397.0,35.8
2017-01-05,437406.0,35.38
2017-01-06,640560.0,35.72
2017-01-09,637018.0,35.74
2017-01-10,1202095.0,35.88
2017-01-11,784154.0,36.14
2017-01-12,2523099.0,37.2
2017-01-13,955807.0,37.38
2017-01-16,1741063.0,38.62
2017-01-17,881760.0,38.94
2017-01-18,1036730.0,38.36
2017-01-19,1649046.0,37.1
2017-01-20,492056.0,37.4
2017-01-23,789462.0,37.84
2017-01-24,601199.0,37.8
2017-01-25,670106.0,37.4
2017-01-26,578159.0,37.42
2017-01-27,376056.0,37.0
2017-01-30,798071.0,37.48
2017-01-31,726666.0,37.74
2017-02-01,488643.0,37.98
2017-02-02,550498.0,38.3
2017-02-03,388627.0,38.48
2017-02-06,884500.0,38.06
2017-02-07,572857.0,37.74
2017-02-08,386734.0,38.14
2017-02-09,389211.0,38.02
2017-02-10,592707.0,37.98
2017-02-13,1198625.0,38.44
2017-02-14,1046566.0,38.26
2017-02-15,1381704.0,37.5
2017-02-16,21449541.0,39.52
2017-02-17,5877962.0,38.14
2017-02-20,2082316.0,37.98
2017-02-21,530535.0,37.62
2017-02-22,897399.0,37.52
2017-02-23,337195.0,37.7
2017-02-24,672451.0,37.48
2017-02-27,651199.0,37.0
2017-02-28,752639.0,36.44
2017-03-01,996408.0,36.78
2017-03-02,394766.0,36.88
2017-03-03,871362.0,36.18
2017-03-06,2663245.0,36.9
2017-03-07,460830.0,36.56
2017-03-08,1375343.0,37.22
2017-03-09,1226129.0,36.62
2017-03-10,526341.0,36.66
2017-03-13,270830.0,36.6
2017-03-14,723394.0,36.5
2017-03-15,6443592.0,37.3
2017-03-16,1822567.0,36.52
2017-03-17,851843.0,36.52
2017-03-20,879309.0,36.72
2017-03-21,444921.0,36.54
2017-03-22,524715.0,36.08
2017-03-23,1222970.0,36.28
2017-03-24,532707.0,36.4
2017-03-27,847304.0,36.58
2017-03-28,896120.0,36.52
2017-03-29,506953.0,36.22
2017-03-30,495860.0,36.2
2017-03-31,787132.0,36.3
2017-04-03,908043.0,36.54
2017-04-04,859528.0,36.98
2017-04-05,549730.0,37.1
2017-04-06,467093.0,36.68
2017-04-07,586163.0,36.3
2017-04-10,1566341.0,36.7
2017-04-11,467237.0,36.6
2017-04-12,1957544.0,37.02
2017-04-13,1180715.0,36.5
2017-04-14,623155.0,36.32
2017-04-17,402188.0,36.56
2017-04-18,490591.0,36.58
2017-04-19,522990.0,36.42
2017-04-20,641125.0,36.7
2017-04-21,740495.0,36.68
2017-04-24,356972.0,36.82
2017-04-25,582315.0,36.7
2017-04-26,6307798.0,37.16
2017-04-27,1741309.0,37.06
2017-04-28,940817.0,37.02
2017-05-02,859480.0,36.8
2017-05-03,662362.0,36.74
2017-05-04,353872.0,36.68
2017-05-05,925330.0,36.06
2017-05-08,2037684.0,36.64
2017-05-09,7905506.0,37.3
2017-05-10,2115494.0,36.46
2017-05-11,974557.0,35.84
2017-05-12,833042.0,35.64
2017-05-15,1189694.0,35.62
2017-05-16,461320.0,35.74
2017-05-17,555082.0,35.84
2017-05-18,510150.0,35.2
2017-05-22,634477.0,35.42
2017-05-23,579179.0,35.56
2017-05-24,1506805.0,35.96
2017-05-25,1028847.0,35.88
2017-05-26,651329.0,35.78
2017-05-29,485280.0,35.86
2017-05-30,574986.0,35.86
2017-05-31,506069.0,35.9
2017-06-01,510178.0,35.96
2017-06-02,2085720.0,36.4
2017-06-05,2106603.0,36.64
2017-06-06,1036840.0,36.4
2017-06-07,642735.0,35.96
2017-06-08,2529417.0,37.2
2017-06-09,1521335.0,36.5
2017-06-12,1303001.0,36.06
2017-06-13,1310739.0,36.18
2017-06-14,1007742.0,36.4
2017-06-15,851238.0,36.14
2017-06-16,273242.0,36.12
2017-06-19,3113037.0,36.52
2017-06-20,715264.0,36.4
2017-06-21,602117.0,36.34
2017-06-22,889761.0,36.3
2017-06-23,420974.0,36.12
2017-06-28,704151.0,36.1
2017-06-29,863161.0,36.12
2017-06-30,1217412.0,36.2
2017-07-03,1037597.0,36.28
2017-07-04,1355833.0,36.3
2017-07-05,795103.0,36.1
2017-07-06,514842.0,35.94
2017-07-07,737572.0,35.94
2017-07-10,1006392.0,36.0
2017-07-11,860876.0,36.18
2017-07-12,1404812.0,36.18
2017-07-13,3340285.0,36.8
2017-07-14,1077817.0,36.64
2017-07-17,2836340.0,37.44
2017-07-18,18745366.0,38.02
2017-07-19,4058244.0,38.38
2017-07-20,3897712.0,37.7
2017-07-21,1696955.0,38.18
2017-07-24,1385112.0,37.86
2017-07-25,869189.0,37.78
2017-07-26,930522.0,37.84
2017-07-27,725493.0,37.94
2017-07-28,681512.0,37.8
2017-07-31,1083986.0,38.08
2017-08-01,1601551.0,37.7
2017-08-02,797892.0,37.6
2017-08-03,962278.0,37.7
2017-08-04,1266076.0,37.7
2017-08-07,1174685.0,37.7
2017-08-08,1430827.0,37.72
2017-08-09,632200.0,37.68
2017-08-10,804311.0,37.34
2017-08-11,1059922.0,36.38
2017-08-14,593617.0,36.48
2017-08-15,2806929.0,36.76
2017-08-16,5258211.0,37.22
2017-08-17,1124411.0,37.4
2017-08-18,1214188.0,37.38
2017-08-21,4570501.0,39.52
2017-08-22,3777282.0,41.12
2017-08-23,5562719.0,43.94
2017-08-24,6004586.0,42.3
2017-08-25,9082873.0,39.94
2017-08-28,4804316.0,39.58
2017-08-29,3694485.0,39.5
2017-08-31,1280735.0,39.7
2017-09-05,2932152.0,38.96
2017-09-06,2730404.0,38.26
2017-09-07,2830262.0,38.46
2017-09-08,1842522.0,38.24
2017-09-11,864418.0,38.12
2017-09-12,2192560.0,38.12
2017-09-13,1212890.0,38.1
2017-09-14,662405.0,37.86
2017-09-15,339937.0,37.9
2017-09-18,670183.0,37.22
2017-09-19,399442.0,36.22
2017-09-20,1057512.0,36.56
2017-09-21,864342.0,36.06
2017-09-22,448688.0,36.02
2017-09-25,604048.0,34.8
2017-09-26,331161.0,35.2
2017-09-27,285828.0,34.78
2017-09-28,689295.0,35.36
2017-09-29,521143.0,35.28
2017-10-02,286542.0,35.68
2017-10-03,312097.0,35.5
2017-10-04,235185.0,35.42
2017-10-05,169353.0,35.48
2017-10-06,220249.0,35.66
2017-10-09,472267.0,34.32
2017-10-10,517294.0,35.12
2017-10-11,671764.0,35.6
2017-10-12,690759.0,36.12
2017-10-13,454999.0,36.14
2017-10-16,326008.0,36.28
2017-10-17,588379.0,36.18
2017-10-18,2874481.0,36.86
2017-10-19,639315.0,36.72
2017-10-20,821698.0,36.32
2017-10-23,352236.0,35.94
2017-10-24,505840.0,35.84
2017-10-25,265898.0,35.98
2017-10-26,415040.0,35.78
2017-10-27,358590.0,35.54
2017-10-30,375138.0,35.88
2017-10-31,321307.0,35.68
2017-11-01,384593.0,36.1
2017-11-02,335650.0,36.18
2017-11-03,263001.0,35.72
2017-11-06,316883.0,35.82
2017-11-07,3319049.0,36.62
2017-11-08,763191.0,36.32
2017-11-09,2403766.0,36.14
2017-11-10,429674.0,36.0
2017-11-13,579701.0,35.46
2017-11-14,501548.0,35.34
2017-11-15,554030.0,34.94
2017-11-16,348905.0,34.62
2017-11-17,656902.0,33.7
2017-11-20,227617.0,33.3
2017-11-21,239071.0,33.68
2017-11-22,222715.0,33.86
2017-11-23,329490.0,33.82
2017-11-24,89659.0,33.92
2017-11-27,152886.0,34.1
2017-11-28,305602.0,33.3
2017-11-29,339606.0,32.86
2017-11-30,239225.0,33.3
2017-12-01,248411.0,33.14
2017-12-04,251687.0,33.66
2017-12-05,419113.0,33.7
2017-12-06,418439.0,33.2
2017-12-07,235195.0,33.5
2017-12-08,436200.0,34.12
2017-12-11,463058.0,34.5
2017-12-12,402023.0,34.56
2017-12-13,391787.0,34.4
2017-12-14,844561.0,34.6
2017-12-15,2319905.0,35.8
2017-12-18,3327835.0,37.52
2017-12-19,906414.0,37.0
2017-12-20,746439.0,37.18
2017-12-21,480898.0,36.6
2017-12-22,161842.0,36.48
2017-12-25,403935.0,36.54
2017-12-26,1405911.0,37.22
2017-12-27,1112693.0,36.88
2017-12-28,1527347.0,36.76
2017-12-29,1553330.0,36.92
2018-01-02,1191487.0,37.34
2018-01-03,1254711.0,37.14
2018-01-04,984633.0,37.48
2018-01-05,1755278.0,38.18
2018-01-08,1447655.0,38.7
2018-01-09,3753566.0,41.0
2018-01-10,3407095.0,39.38
2018-01-11,1572851.0,38.26
2018-01-12,873543.0,38.96
2018-01-15,35108192.0,41.36
2018-01-16,6916696.0,40.58
2018-01-17,29981406.0,44.6
2018-01-18,7062114.0,44.12
2018-01-19,23125557.0,45.5
2018-01-22,24978315.0,51.0
2018-01-23,16509748.0,49.68
2018-01-24,6318165.0,47.88
2018-01-25,12056924.0,46.6
2018-01-26,11368084.0,46.98
2018-01-29,6049834.0,47.94
2018-01-30,7753352.0,46.4
2018-01-31,4472894.0,45.44
2018-02-01,4671356.0,45.08
2018-02-02,4072660.0,44.4
2018-02-05,4754994.0,42.78
2018-02-06,3465844.0,41.78
2018-02-07,5353936.5,42.32
2018-02-08,10590850.0,43.7
2018-02-09,6455912.0,43.4
2018-02-12,3064979.0,43.86
2018-02-13,2412623.0,43.1
2018-02-14,1940715.0,42.62
2018-02-15,973151.0,42.96
2018-02-16,3235314.0,43.8
2018-02-19,1700905.0,43.32
2018-02-20,2602298.0,40.88
2018-02-21,2930119.0,40.94
2018-02-22,1495771.0,40.44
2018-02-23,1149405.0,40.84
2018-02-26,1660213.0,41.4
2018-02-27,547522.0,41.08
2018-02-28,592358.0,40.76
2018-03-01,758759.0,40.58
2018-03-02,954776.0,40.6
2018-03-05,1220293.0,40.8
2018-03-06,1366209.0,40.4
2018-03-07,878298.0,39.98
2018-03-08,1255411.0,39.96
2018-03-09,607518.0,39.56
2018-03-12,835515.0,39.74
2018-03-13,4042539.0,40.78
2018-03-14,1153350.0,40.1
2018-03-15,642618.0,39.7
2018-03-16,792774.0,40.18
2018-03-19,1230067.0,39.88
2018-03-20,3492962.0,40.3
2018-03-21,1558188.0,40.06
2018-03-22,612099.0,39.82
2018-03-23,810387.0,39.26
2018-03-26,1005973.0,39.16
2018-03-27,950061.0,38.64
2018-03-28,2138365.0,37.98
2018-03-29,593695.0,38.56
2018-03-30,507017.0,38.56
2018-04-02,419175.0,38.4
2018-04-03,324928.0,37.88
2018-04-04,575319.0,37.48
2018-04-05,143940.0,37.78
2018-04-06,328386.0,37.46
2018-04-09,563105.0,37.24
2018-04-10,566072.0,35.82
2018-04-11,1032786.0,35.26
2018-04-12,431056.0,35.7
2018-04-13,400681.0,35.9
2018-04-16,466034.0,36.24
2018-04-17,594258.0,35.14
2018-04-18,2746038.0,35.18
2018-04-19,1432224.0,34.8
2018-04-20,749782.0,34.82
2018-04-24,437892.0,33.8
2018-04-25,3439061.0,33.78
2018-04-26,373563.0,33.9
2018-04-27,2301319.0,34.74
2018-04-30,1862195.0,35.08
2018-05-02,996020.66,35.14
2018-05-03,382625.98,35.74
2018-05-04,525068.0,35.8
2018-05-07,736369.0,36.0
2018-05-08,1408088.0,33.58
2018-05-09,470006.0,33.4
2018-05-10,472925.0,33.36
2018-05-11,658725.9,32.64
2018-05-14,217591.66,32.9
2018-05-15,345598.0,32.0
2018-05-16,732376.0,32.58
2018-05-17,603681.0,31.8
2018-05-18,444708.0,31.58
2018-05-21,1173532.0,32.0
2018-05-22,381479.0,31.9
2018-05-23,1548335.0,32.0
2018-05-24,819433.0,31.82
2018-05-25,349946.0,31.82
2018-05-28,648275.0,32.16
2018-05-29,648338.0,32.08
2018-05-30,2784764.0,33.9
2018-05-31,2459601.0,32.6
2018-06-01,698331.0,32.0
2018-06-04,708207.0,33.4
2018-06-05,742452.0,33.0
2018-06-06,589639.0,32.28
2018-06-07,337141.0,32.3
2018-06-08,202166.0,32.4
2018-06-11,1379521.0,31.96
2018-06-12,252607.0,31.7
2018-06-13,172729.0,31.7
2018-06-14,53656.0,31.8
2018-06-18,145344.0,31.78
2018-06-19,108502.0,31.76
2018-06-20,241657.0,31.7
2018-06-21,2141135.0,32.78
2018-06-22,492990.0,32.52
2018-06-25,572432.0,31.82
2018-06-26,1092640.0,31.76
2018-06-27,912744.0,32.38
2018-06-28,800348.0,32.86
2018-06-29,776860.0,33.62
2018-07-02,1108107.0,34.24
2018-07-03,1567471.0,33.92
2018-07-04,337972.0,34.02
2018-07-05,411555.0,34.16
2018-07-06,603110.0,33.94
2018-07-09,1221213.0,34.74
2018-07-10,1006621.0,33.74
2018-07-11,654110.0,31.58
2018-07-12,643795.0,31.26
2018-07-13,656506.0,31.8
2018-07-16,330293.0,31.94
2018-07-17,417014.0,32.3
2018-07-18,406499.0,32.56
2018-07-19,298474.0,32.5
2018-07-20,317384.0,32.66
2018-07-23,275832.0,33.0
2018-07-24,1051750.0,31.64
2018-07-25,539843.0,32.18
2018-07-26,867603.0,31.96
2018-07-27,415196.0,32.06
2018-07-30,201154.0,32.24
2018-07-31,486655.0,32.24
2018-08-01,487124.0,32.3
2018-08-02,410449.0,31.54
2018-08-03,350539.0,32.0
2018-08-06,590293.0,31.48
2018-08-07,495725.0,31.56
2018-08-08,384667.0,31.46
2018-08-09,942336.0,31.62
2018-08-10,777853.0,29.98
2018-08-13,2064373.0,26.8
2018-08-14,743450.0,27.26
2018-08-15,275149.0,26.88
2018-08-16,126273.0,26.62
2018-08-17,80667.0,25.7
2018-08-20,43492.0,25.72
2018-08-27,132455.0,25.54
2018-08-28,202251.0,26.32
2018-08-29,3452506.0,28.24
2018-08-31,1196008.0,27.74
2018-09-03,671121.0,27.76
2018-09-04,1809570.0,28.86
2018-09-05,6030815.0,30.54
2018-09-06,1638151.0,29.06
2018-09-07,3284622.0,30.06
2018-09-10,960532.0,28.54
2018-09-11,2584351.0,29.6
2018-09-12,870236.0,29.0
2018-09-13,468485.3,29.26
2018-09-14,2600064.0,29.62
2018-09-17,5699443.0,32.56
2018-09-18,4908716.0,30.38
2018-09-19,1345825.0,30.4
2018-09-20,905592.0,29.4
2018-09-21,563724.0,30.1
2018-09-24,334017.0,30.26
2018-09-25,384601.0,29.98
2018-09-26,1307358.0,30.3
2018-09-27,737575.0,30.6
2018-09-28,158764.0,30.34
2018-10-01,364479.0,30.26
2018-10-02,160029.0,29.8
2018-10-03,153410.0,29.7
2018-10-04,319446.0,27.86
2018-10-05,130506.0,28.7
2018-10-08,266088.0,29.18
2018-10-09,361590.0,29.76
2018-10-10,271566.0,29.34
2018-10-11,338647.0,28.5
2018-10-12,280903.0,28.26
2018-10-15,306708.0,29.24
2018-10-16,594313.0,29.7
2018-10-17,800798.0,30.06
2018-10-18,1049075.0,30.18
2018-10-19,748256.0,29.64
2018-10-22,814974.0,29.36
2018-10-23,358237.0,28.28
2018-10-24,624595.0,28.84
2018-10-25,843080.0,29.44
2018-10-26,395762.0,29.0
2018-10-30,177334.0,28.6
2018-10-31,2860313.0,29.18
2018-11-01,462110.0,29.3
2018-11-02,1182520.0,29.34
2018-11-05,1800922.0,30.06
2018-11-06,1100029.0,29.7
2018-11-07,558520.0,29.5
2018-11-08,212516.0,28.5
2018-11-09,159184.0,28.3
2018-11-12,508619.0,28.3
2018-11-13,539962.0,28.86
2018-11-14,373812.0,28.12
2018-11-15,190632.0,28.28
2018-11-16,208218.0,28.32
2018-11-19,409985.0,28.28
2018-11-20,140280.0,28.3
2018-11-21,109094.0,28.36
2018-11-22,152761.0,28.1
2018-11-23,444269.0,28.42
2018-11-26,104061.0,28.3
2018-11-27,677234.0,28.86
2018-11-28,164406.0,28.76
2018-11-29,158948.0,28.88
2018-11-30,159975.0,28.92
2018-12-03,330535.0,29.0
2018-12-04,394286.0,28.52
2018-12-05,154978.0,28.72
2018-12-06,1168905.0,28.82
2018-12-07,333360.0,28.94
2018-12-10,333493.0,28.6
2018-12-11,177071.0,28.54
2018-12-12,435606.0,27.3
2018-12-13,235829.0,27.46
2018-12-14,400065.0,26.8
2018-12-17,91614.0,26.84
2018-12-18,355652.0,26.12
2018-12-19,282029.0,26.58
2018-12-20,239885.0,26.88
2018-12-21,5871319.0,29.5
2018-12-24,3264728.0,28.84
2018-12-25,600631.0,28.44
2018-12-26,407582.0,27.58
2018-12-27,632321.0,26.84
2018-12-28,14595237.0,31.26
2018-12-31,4440892.0,28.6
2019-01-02,631268.0,28.36
2019-01-03,196227.0,27.92
2019-01-04,269180.0,28.5
2019-01-07,347990.0,28.54
2019-01-08,415150.0,29.26
2019-01-09,233960.0,29.34
2019-01-10,907288.0,29.56
2019-01-11,302187.0,29.54
2019-01-14,301033.0,28.12
2019-01-15,395229.0,28.48
2019-01-16,274568.0,28.48
2019-01-17,240511.0,28.5
2019-01-18,135675.0,28.6
2019-01-21,216508.0,28.62
2019-01-22,148829.0,28.84
2019-01-23,350990.0,29.0
2019-01-24,145371.0,29.0
2019-01-25,1112060.0,29.08
2019-01-28,234930.0,28.98
2019-01-29,253461.0,28.82
2019-01-30,361380.0,29.2
2019-01-31,279571.0,29.18
2019-02-01,261944.0,29.28
2019-02-04,642711.0,29.9
2019-02-05,379644.0,29.52
2019-02-06,241814.0,29.5
2019-02-07,182510.0,29.5
2019-02-08,420870.0,29.46
2019-02-11,163906.0,29.48
2019-02-12,440593.0,29.78
2019-02-13,131030.0,29.6
2019-02-14,82201.0,29.5
2019-02-15,82178.0,29.56
2019-02-18,178922.0,29.4
2019-02-19,651366.0,28.6
2019-02-20,223591.0,29.26
2019-02-21,256549.0,29.06
2019-02-22,39468.0,28.98
2019-02-25,277652.0,29.08
2019-02-26,174502.0,28.98
2019-02-27,188448.0,28.82
2019-02-28,312768.0,28.52
2019-03-01,155793.0,28.5
2019-03-04,1421422.0,29.1
2019-03-05,645942.0,28.66
2019-03-06,9355432.0,31.1
2019-03-07,1539947.0,29.78
2019-03-08,832132.0,29.54
2019-03-11,387655.0,29.04
2019-03-12,445187.0,29.1
2019-03-13,363313.0,29.02
2019-03-14,392528.0,28.9
2019-03-15,152366.0,29.08
2019-03-18,387541.0,29.28
2019-03-19,206364.0,29.16
2019-03-20,3403352.0,30.7
2019-03-21,15913274.0,33.4
2019-03-22,12825664.0,32.06
2019-03-25,4076477.0,30.82
2019-03-26,1482748.0,30.68
2019-03-27,840005.0,30.0
2019-03-28,1275977.0,30.06
2019-03-29,1251657.0,30.26
2019-04-01,573602.0,30.08
2019-04-02,639226.0,30.0
2019-04-03,1721459.0,30.6
2019-04-04,421433.0,30.6
2019-04-05,1030474.0,30.52
2019-04-08,761225.0,30.28
2019-04-09,170093.0,30.36
2019-04-10,143291.0,30.3
2019-04-11,6809083.0,29.52
2019-04-12,2947864.0,28.76
2019-04-15,1556316.0,28.8
2019-04-16,498286.0,28.8
2019-04-17,921015.0,28.82
2019-04-18,330098.0,28.7
2019-04-19,1731873.0,28.86
2019-04-22,637162.0,28.6
2019-04-24,1144550.0,28.5
2019-04-25,271298.0,28.0
2019-04-26,244886.0,27.98
2019-04-29,262328.0,27.5
2019-04-30,500776.0,27.9
2019-05-02,260847.0,27.52
2019-05-03,160074.0,27.7
2019-05-06,106124.0,27.22
2019-05-07,401996.0,27.28
2019-05-08,820445.0,26.32
2019-05-09,247063.0,26.36
2019-05-10,119235.0,26.02
2019-05-13,223350.0,25.06
2019-05-14,76056.0,25.36
2019-05-15,44852.0,25.26
2019-05-16,178642.0,25.36
2019-05-17,81799.0,25.1
2019-05-20,78961.84,25.1
2019-05-21,610165.0,25.02
2019-05-22,132554.0,24.38
2019-05-23,135340.0,24.18
2019-05-24,75990.0,24.4
2019-05-27,55975.0,24.4
2019-05-28,146805.0,24.82
2019-05-29,941343.0,24.66
2019-05-30,2590691.0,25.14
2019-05-31,181626.0,25.0
2019-06-03,127746.0,25.5
2019-06-07,123383.0,25.66
2019-06-10,172953.0,25.92
2019-06-11,184238.0,25.6
2019-06-12,217255.0,25.7
2019-06-13,268655.0,25.12
2019-06-14,127864.0,25.54
2019-06-17,86009.0,25.8
2019-06-18,1079887.0,26.14
2019-06-19,387803.0,26.02
2019-06-20,443435.0,26.0
2019-06-21,291494.0,25.8
2019-06-24,260220.0,25.74
2019-06-25,198793.0,25.72
2019-06-26,390993.0,25.8
2019-06-27,278241.0,26.02
2019-06-28,408002.0,26.0
2019-07-01,546131.0,26.62
2019-07-02,323986.0,26.78
2019-07-03,332286.0,26.66
2019-07-04,860840.0,26.82
2019-07-05,293608.0,26.9
2019-07-08,153513.0,26.68
2019-07-09,108892.0,26.48
2019-07-10,169076.0,26.42
2019-07-11,279949.0,26.52
2019-07-12,265354.0,25.8
2019-07-16,138851.0,25.9
2019-07-17,361036.0,26.0
2019-07-18,165186.0,26.26
2019-07-19,121871.0,26.36
2019-07-22,565730.0,26.92
2019-07-23,174359.0,27.0
2019-07-24,355593.0,27.2
2019-07-25,215303.0,27.0
2019-07-26,118619.0,26.98
2019-07-29,150472.0,27.04
2019-07-30,261596.0,27.44
2019-07-31,249238.0,27.2
2019-08-01,374795.0,27.42
2019-08-02,108117.0,27.18
2019-08-05,155228.0,26.96
2019-08-06,406321.0,27.02
2019-08-07,231230.0,26.84
2019-08-08,1401821.0,27.8
2019-08-09,585620.0,27.66
2019-08-15,116546.0,27.3
2019-08-16,142345.0,27.0
2019-08-19,103988.0,26.96
2019-08-20,92938.0,26.78
2019-08-21,109301.0,26.64
2019-08-22,73458.0,26.56
2019-08-23,296332.0,26.64
2019-08-26,147362.0,26.78
2019-08-27,593174.0,26.9
2019-08-28,297391.0,26.98
2019-08-29,644194.0,27.26
2019-09-02,174865.0,27.5
2019-09-04,428145.0,27.92
2019-09-05,282206.0,27.96
2019-09-06,199514.0,27.82
2019-09-09,717959.0,28.1
2019-09-10,1131226.0,28.48
2019-09-11,1400535.0,28.68
2019-09-12,786324.0,28.6
2019-09-13,809492.0,28.52
2019-09-16,418992.0,28.48
2019-09-17,379812.0,28.04
2019-09-18,834327.0,28.76
2019-09-19,4232007.0,28.66
2019-09-20,831669.0,28.76
2019-09-23,285769.0,28.54
2019-09-24,291744.0,28.8
2019-09-25,241346.0,28.82
2019-09-26,276347.0,28.8
2019-09-27,364446.0,29.12
2019-09-30,974863.0,29.64
2019-10-01,421019.0,29.04
2019-10-02,251597.0,29.1
2019-10-03,281406.0,28.92
2019-10-04,271835.74,29.12
2019-10-07,3469161.0,29.76
2019-10-08,614777.0,29.16
2019-10-09,389796.0,29.08
2019-10-10,736320.0,29.06
2019-10-11,662853.0,29.4
2019-10-14,350940.0,28.82
2019-10-15,452890.0,29.1
2019-10-16,446887.0,28.86
2019-10-17,188454.0,28.86
2019-10-18,1200061.0,29.16
2019-10-21,748889.0,29.44
2019-10-22,199841.0,29.5
2019-10-23,438148.0,29.52
2019-10-24,845220.0,29.9
2019-10-25,148119.0,29.9
2019-10-28,110473.0,30.0
2019-10-30,230584.0,30.28
2019-10-31,334305.0,29.98
2019-11-01,308317.0,30.0
2019-11-04,300182.0,29.96
2019-11-05,276282.0,30.02
2019-11-06,286093.0,30.12
2019-11-07,6696684.0,31.36
2019-11-08,682631.0,30.72
2019-11-11,240101.0,30.84
2019-11-12,553578.0,30.6
2019-11-13,279440.0,30.36
2019-11-14,320356.0,30.2
2019-11-15,380653.0,30.4
2019-11-18,25110398.0,34.0
2019-11-19,2526338.0,33.0
2019-11-20,915099.0,33.1
2019-11-21,511877.0,33.32
2019-11-22,1407535.0,33.64
2019-11-25,692765.0,33.46
2019-11-26,491320.0,33.4
2019-11-27,1834398.0,33.48
2019-11-28,809555.0,33.7
2019-11-29,4099182.0,34.76
2019-12-02,1127040.0,34.98
2019-12-03,1500799.0,35.7
2019-12-04,2441043.0,36.84
2019-12-05,1273292.0,37.18
2019-12-06,1453601.0,36.98
2019-12-09,4865113.0,38.4
2019-12-10,2405439.0,36.8
2019-12-11,1211091.0,36.14
2019-12-12,3280174.0,36.88
2019-12-13,1532797.0,37.18
2019-12-16,1943274.0,37.5
2019-12-17,2433081.0,37.9
2019-12-18,922984.04,37.48
2019-12-19,310795.0,37.48
2019-12-23,790519.0,37.3
2019-12-24,793424.0,37.58
2019-12-25,1384161.0,37.7
2019-12-26,2303511.0,37.86
2019-12-27,4614822.0,42.1
2019-12-30,9462140.0,42.92
2019-12-31,2228916.0,41.26
2020-01-02,4986870.0,42.98
2020-01-03,2594524.0,41.18
2020-01-06,2136114.0,38.72
2020-01-07,1372639.0,39.68
2020-01-08,5976285.32,39.68
2020-01-09,7431693.46,43.0
2020-01-10,14398307.0,47.1
2020-01-13,5654207.0,46.82
2020-01-14,3569623.0,47.18
2020-01-15,1875258.0,46.58
2020-01-16,2740453.0,46.8
2020-01-17,1147536.0,47.18
2020-01-20,1534447.0,46.64
2020-01-21,1325481.0,47.12
2020-01-22,2256265.0,47.88
2020-01-23,3360880.0,48.5
2020-01-24,1704404.0,48.4
2020-01-27,4495220.0,48.26
2020-01-28,5861290.0,49.4
2020-01-29,3187150.0,50.1
2020-01-30,1658774.0,48.6
2020-01-31,845917.0,48.08
2020-02-03,1326367.0,47.0
2020-02-04,1187379.0,47.28
2020-02-05,2234374.0,48.3
2020-02-06,2373155.0,47.72
2020-02-07,1335276.0,47.0
2020-02-10,2236326.0,46.32
2020-02-11,2373328.0,47.96
2020-02-12,2670294.0,49.0
2020-02-13,493411.0,48.98
2020-02-14,572060.0,49.0
2020-02-17,688531.0,48.82
2020-02-18,530106.0,47.36
2020-02-19,1400319.0,44.76
2020-02-20,1545992.0,40.14
2020-02-21,597380.0,40.14
2020-02-24,398602.0,40.24
2020-02-25,937538.0,40.48
2020-02-26,2370860.0,42.0
2020-02-27,1056326.0,39.2
2020-02-28,1182879.0,36.88
2020-03-02,1037876.0,39.4
2020-03-03,575761.0,40.54
2020-03-04,529545.0,39.08
2020-03-05,403540.0,39.48
2020-03-06,559368.0,37.4
2020-03-09,466274.0,34.1
2020-03-10,463610.0,33.1
2020-03-11,525768.0,31.14
2020-03-12,465859.0,27.38
2020-03-13,616392.0,28.28
2020-03-16,326262.0,25.54
2020-03-17,392364.0,24.94
2020-03-18,398970.0,25.74
2020-03-19,558374.0,24.8
2020-03-20,322642.0,25.48
2020-03-23,332886.0,24.0
2020-03-24,694799.0,26.04
2020-03-25,1078425.0,26.68
2020-03-26,996069.0,28.3
2020-03-27,1475813.0,27.54
2020-03-30,419047.0,27.5
2020-03-31,610170.0,28.5
2020-04-01,3857233.0,29.28
2020-04-02,3980927.0,28.96
2020-04-03,1001029.0,28.74
2020-04-06,781389.0,29.46
2020-04-07,1341984.0,30.7
2020-04-08,2760198.0,32.42
2020-04-09,1716955.0,32.5
2020-04-10,602003.0,32.46
2020-04-13,401041.0,32.48
2020-04-14,1215503.0,33.3
2020-04-15,1062114.0,32.54
2020-04-16,481072.0,32.4
2020-04-17,665978.0,33.16
2020-04-20,1639969.0,34.18
2020-04-21,965852.0,34.1
2020-04-22,840721.0,34.48
2020-04-24,1100917.0,36.08
2020-04-27,907852.0,37.06
2020-04-28,8655952.0,40.76
2020-04-29,11428153.0,44.82
2020-04-30,17531393.0,46.76
2020-05-04,5327509.0,51.4
2020-05-05,24055439.0,46.52
2020-05-06,10805828.0,44.3
2020-05-07,13958597.0,44.46
2020-05-08,6019099.0,48.9
2020-05-11,1970902.0,53.75
2020-05-12,10235801.0,59.1
2020-05-13,9767633.0,65.0
2020-05-14,15697820.0,71.5
2020-05-15,14104594.0,78.65
2020-05-18,18904586.0,75.0
2020-05-20,15770949.0,82.5
2020-05-21,6028675.0,90.45
2020-05-22,6369157.0,86.0
2020-05-27,5115845.0,81.9
2020-05-28,3722058.0,73.75
2020-05-29,3391128.0,73.15
2020-06-01,3795567.0,68.5
2020-06-02,3168920.0,67.05
2020-06-03,1402409.0,64.75
2020-06-04,1608529.0,65.7
2020-06-05,800224.0,66.3
2020-06-08,8181999.0,63.3
2020-06-09,2557558.0,62.85
2020-06-10,1125176.0,62.05
2020-06-11,1965917.0,62.65
2020-06-12,1977002.0,61.95
2020-06-15,2145407.0,64.0
2020-06-16,2573552.0,66.85
2020-06-17,1779519.0,65.0
2020-06-18,5565595.0,63.0
2020-06-19,3157209.0,61.55
2020-06-22,3525031.0,61.75
2020-06-23,1937980.0,61.5
2020-06-24,2763029.0,60.5
2020-06-25,1959894.0,60.35
2020-06-26,1658016.0,59.75
2020-06-29,3220208.0,60.15
2020-06-30,1830905.0,60.2
2020-07-01,16428177.0,66.2
2020-07-02,26168061.0,69.65
2020-07-03,27316134.0,63.4
2020-07-06,14606841.0,63.85
2020-07-07,6967035.0,62.4
2020-07-08,4954806.0,62.75
2020-07-09,5918096.0,60.7
2020-07-10,3179302.0,58.95
2020-07-13,5394109.0,62.6
2020-07-14,4141991.0,61.7
2020-07-16,5057544.0,62.35
2020-07-17,13557792.0,65.6
2020-07-20,15992770.0,72.15
2020-07-21,30422216.0,75.95
2020-07-22,15305488.0,72.4
2020-07-23,18389300.0,73.45
2020-07-24,17634412.0,73.85
2020-07-27,21979332.0,81.2
2020-07-28,28890505.0,77.75
2020-07-29,12703509.0,75.25
2020-07-30,5150559.0,79.0
2020-08-04,10931084.0,71.5
2020-08-05,2593087.0,66.6
2020-08-06,3085748.0,59.95
2020-08-07,3541348.0,65.9
2020-08-10,3371153.0,71.35
2020-08-11,3232020.0,71.85
2020-08-12,1506865.0,70.95
2020-08-13,1921718.0,69.5
2020-08-14,1169854.0,68.35
2020-08-17,1126717.0,70.5
2020-08-18,2138856.0,70.8
2020-08-19,1536652.0,71.05
2020-08-20,6348273.0,71.75
2020-08-21,4128468.0,68.2
2020-08-24,14455430.0,72.1
2020-08-25,4827355.0,69.65
2020-08-26,3239148.0,70.1
2020-08-27,2376295.0,70.15
2020-08-28,1557660.0,70.0
2020-08-31,2094558.0,67.05
2020-09-01,4811802.0,70.0
2020-09-02,38677399.0,71.7
2020-09-03,5414507.0,70.0
2020-09-04,3902045.0,69.8
2020-09-07,8331732.0,71.7
2020-09-08,28728191.0,75.0
2020-09-09,19172900.0,75.5
2020-09-10,8393093.0,75.35
2020-09-11,9213890.0,76.8
2020-09-14,7886659.0,84.45
2020-09-15,28562204.0,92.85
2020-09-16,24594810.0,102.1
2020-09-17,37798183.0,112.3
2020-09-18,28576963.0,101.1
2020-09-21,22907615.0,101.7
2020-09-22,11672767.0,96.8
2020-09-23,19630805.0,95.0
2020-09-24,15717393.0,104.5
2020-09-25,20982868.0,114.9
2020-09-28,7439808.0,126.3
2020-09-29,11039226.0,138.9
2020-09-30,67104222.0,125.1
2020-10-01,10671228.0,137.6
2020-10-02,12237023.0,151.3
2020-10-05,11613080.0,148.1
2020-10-06,6913139.0,144.0
2020-10-07,6658760.0,133.0
2020-10-08,3392001.0,132.0
2020-10-09,3811732.0,128.9
2020-10-12,5704385.0,141.7
2020-10-13,6507043.0,142.9
2020-10-14,3001764.0,141.5
2020-10-15,2186156.0,138.5
2020-10-16,10386488.0,133.5
2020-10-19,4563278.0,146.8
2020-10-20,17753156.0,139.3
2020-10-21,22729203.0,141.0
2020-10-22,9179562.0,139.9
2020-10-23,21559106.0,143.7
2020-10-26,14995773.0,129.4
2020-10-28,3801594.0,130.0
2020-10-30,34745412.0,125.7
2020-11-02,18351066.0,126.8
2020-11-03,17290432.0,127.0
2020-11-04,20333454.0,132.7
2020-11-05,14489800.0,135.7
2020-11-06,16311889.0,138.5
2020-11-09,12937987.0,136.9
2020-11-10,19101479.0,141.3
2020-11-11,36863635.0,143.0
2020-11-12,18480645.0,142.2
2020-11-13,13735530.0,141.2
2020-11-16,8546184.0,139.4
2020-11-17,6786221.0,133.7
2020-11-18,4126952.0,135.4
2020-11-19,4219510.0,136.4
2020-11-20,30386625.0,144.0
2020-11-23,40006165.0,151.2
2020-11-24,52216217.0,166.3
2020-11-25,70865922.0,182.9
2020-11-26,74195374.0,176.6
2020-11-27,31364457.0,175.4
2020-11-30,19140497.0,162.3
2020-12-01,27058507.0,178.5
2020-12-02,53635870.0,191.0
2020-12-03,25878031.0,183.1
2020-12-04,25288204.0,185.8
2020-12-07,3736985.0,178.8
2020-12-08,3545577.0,175.0
2020-12-09,3542448.0,173.5
2020-12-10,2550806.0,176.1
2020-12-11,2745097.0,175.7
2020-12-14,3373852.0,177.9
2020-12-15,3585740.0,177.0
2020-12-16,3444933.0,173.1
2020-12-17,3885551.0,179.5
2020-12-18,13115531.0,189.9
2020-12-21,20052316.0,208.8
2020-12-22,52036181.0,220.5
2020-12-23,30436765.0,209.2
2020-12-24,44014188.0,218.4
2020-12-25,14921231.0,218.0
2020-12-28,28909023.0,239.8
2020-12-29,34960610.0,263.7
2020-12-30,94720525.0,269.6
2020-12-31,86137639.0,296.5
2021-01-04,50209045.0,326.1
2021-01-05,163975558.0,319.9
2021-01-06,106992912.0,315.1
2021-01-07,36223202.0,346.6
2021-01-08,32411217.0,381.2
2021-01-11,40181534.0,419.3
2021-01-12,32107684.0,397.0
2021-01-13,25827196.0,436.7
2021-01-14,37558489.0,469.0
2021-01-15,32318901.0,493.4
2021-01-18,28882671.0,509.9
2021-01-19,36395542.0,459.1
2021-01-20,31514076.0,431.5
2021-01-21,30360238.0,390.4
2021-01-22,24815434.0,410.3
2021-01-25,20862936.0,403.7
2021-01-26,18249184.0,369.2
2021-01-27,23058441.0,332.3
2021-01-28,21974998.0,365.5
2021-01-29,35852074.0,402.0
2021-02-01,27806269.0,424.9
2021-02-02,19245684.0,408.5
2021-02-03,12406884.0,399.4
2021-02-04,17669001.0,412.5
2021-02-05,11613754.0,414.6
2021-02-08,46218346.0,402.6
2021-02-09,42888934.0,403.7
2021-02-10,32956412.0,392.4
2021-02-11,57853708.0,396.6
2021-02-12,29892465.0,397.1
2021-02-15,29152602.0,387.4
2021-02-16,48241328.0,368.0
2021-02-17,26087623.0,360.5
2021-02-18,34631254.0,346.4
2021-02-19,34060181.0,349.2
2021-02-22,19271863.0,339.4
2021-02-23,20168678.0,316.6
2021-02-24,58392120.0,324.0
2021-02-25,29486033.0,315.0
2021-02-26,5694263.0,315.0
2021-03-01,8514985.0,336.0
2021-03-02,5757792.0,325.0
2021-03-03,4857884.0,326.0
2021-03-04,3579187.0,313.0
2021-03-05,5635400.0,320.0
2021-03-08,7115832.0,317.0
2021-03-09,5001136.0,320.4
2021-03-10,7345313.0,324.0
2021-03-11,18321032.0,355.0
2021-03-12,10312149.0,337.7
2021-03-15,18967600.0,327.3
2021-03-16,15704763.0,316.6
2021-03-17,23029128.0,313.3
2021-03-18,11306552.0,308.7
2021-03-19,12617619.0,302.0
2021-03-22,7790395.0,271.8
2021-03-23,19107824.0,278.5
2021-03-24,20954701.0,306.3
2021-03-25,25361995.0,285.0
2021-03-26,13721544.0,278.8
2021-03-29,6652607.0,306.6
2021-03-30,6425009.0,337.2
2021-03-31,63245134.0,315.7
2021-04-01,6923126.0,319.0
2021-04-02,4211085.0,316.9
2021-04-05,6741318.0,318.3
2021-04-06,6947239.0,309.0
2021-04-07,12935515.0,323.0
2021-04-08,5650832.0,308.0
2021-04-09,4985899.0,303.0
2021-04-12,3273452.0,290.1
2021-04-13,3310043.0,290.0
2021-04-14,6019884.0,309.0
2021-04-15,8172440.0,280.3
2021-04-16,13915686.0,268.2
2021-04-19,13189261.0,241.4
2021-04-20,18804525.0,232.7
2021-04-21,23280285.0,211.0
2021-04-22,18337780.0,228.5
2021-04-26,15849821.0,251.3
2021-04-27,25815241.0,245.7
2021-04-28,8011956.0,236.0
2021-04-29,11725051.0,259.6
2021-04-30,22563832.0,256.8
2021-05-03,27337021.0,268.4
2021-05-04,13511451.0,262.0
2021-05-05,9019650.0,255.8
2021-05-06,10349348.0,255.0
2021-05-07,8609777.0,252.1
2021-05-10,8005018.0,248.7
2021-05-11,6248677.0,242.0
2021-05-12,2006176.0,239.3
2021-05-17,22128099.0,263.2
2021-05-18,13081618.0,251.0
2021-05-20,7140977.0,242.8
2021-05-21,22127285.0,249.3
2021-05-24,11464355.0,247.9
2021-05-25,7109413.0,237.5
2021-05-26,8795654.0,244.0
2021-05-27,9697467.0,249.3
2021-05-28,4596219.0,244.0
2021-05-31,13923584.0,246.3
2021-06-01,5846404.0,247.7
2021-06-02,4886687.0,244.8
2021-06-03,11406632.0,248.9
2021-06-04,4093423.0,246.6
2021-06-07,6853992.0,241.0
2021-06-08,6606310.0,237.1
2021-06-09,4902498.0,235.1
2021-06-10,9231125.0,234.8
2021-06-11,4639915.0,231.4
2021-06-14,6459836.0,226.5
2021-06-15,4593216.0,220.1
2021-06-16,7153800.0,210.9
2021-06-17,13883409.0,207.5
2021-06-18,8191808.0,211.4
2021-06-21,5403734.0,209.5
2021-06-22,5955238.0,210.5
2021-06-23,17304209.0,221.3
2021-06-24,10045408.0,218.5
2021-06-25,25635227.0,240.3
2021-06-28,26804385.0,220.1
2021-06-29,7826328.0,214.9
2021-06-30,7011435.0,215.7
2021-07-01,5524032.0,216.0
2021-07-02,4981402.0,214.7
2021-07-05,22496184.0,222.6
2021-07-06,7368292.0,217.9
2021-07-07,8689080.0,218.3
2021-07-08,3409865.0,214.5
2021-07-09,5502409.0,213.5
2021-07-12,6565422.0,207.5
2021-07-13,5120244.0,202.0
2021-07-14,7061183.0,208.3
2021-07-16,6884064.0,211.8
2021-07-19,1388231.0,212.5
2021-07-26,8646322.0,214.4
2021-07-27,4485223.0,210.2
2021-07-28,4727486.0,213.0
2021-07-29,6538256.0,215.4
2021-07-30,2752182.0,211.6
2021-08-02,6480271.0,220.0
2021-08-03,3947269.0,213.4
2021-08-04,3337817.0,215.7
2021-08-05,5853021.0,218.4
2021-08-06,9503265.0,220.1
2021-08-09,17174425.0,235.8
2021-08-10,15315179.0,218.5
2021-08-11,5538839.0,212.0
2021-08-12,3833123.0,211.9
2021-08-13,3577405.0,212.7
2021-08-16,10289279.0,215.8
2021-08-17,2779426.0,215.0
2021-08-18,3937422.0,210.3
2021-08-19,3367696.0,209.0
2021-08-20,3638117.0,210.9
2021-08-23,18583046.0,218.8
2021-08-24,21333906.0,221.8
2021-08-25,7518986.0,213.6
2021-08-26,3596352.0,211.2
2021-08-27,9961720.0,213.9
2021-08-31,22144601.0,222.9
2021-09-01,9699397.0,220.0
2021-09-02,45344974.0,229.7
2021-09-02,45344974.0,229.7
2021-09-03,6815183.0,225.4
2021-09-06,87796367.0,235.1
2021-09-07,24198198.0,231.5
